{"cameraMode":{"drawMode":0,"name":"Shaded","section":"Shading Mode"},"sceneLighting":true,"audioPlay":false,"sceneViewState":{"m_AlwaysRefresh":false,"showFog":true,"showSkybox":true,"showFlares":true,"showImageEffects":true,"showParticleSystems":true,"showVisualEffectGraphs":true,"m_FxEnabled":true},"in2DMode":false,"pivot":{"x":-0.820483922958374,"y":0.585028886795044,"z":-0.4317239224910736},"rotation":{"x":0.0059112124145030979,"y":0.9847872853279114,"z":-0.17188845574855805,"w":0.032378893345594409},"size":3.1674506664276125,"orthographic":false}