{"cameraMode":{"drawMode":0,"name":"Shaded","section":"Shading Mode"},"sceneLighting":false,"audioPlay":false,"sceneViewState":{"m_AlwaysRefresh":false,"showFog":true,"showSkybox":false,"showFlares":true,"showImageEffects":true,"showParticleSystems":true,"showVisualEffectGraphs":true,"m_FxEnabled":true},"in2DMode":false,"pivot":{"x":0.00037366151809692383,"y":1.4672659635543824,"z":-0.011386200785636902},"rotation":{"x":0.0059112124145030979,"y":0.9847872853279114,"z":-0.17188845574855805,"w":0.032378893345594409},"size":1.2952324151992798,"orthographic":false}